-- phpMyAdmin SQL Dump
-- version 4.9.0.1
-- https://www.phpmyadmin.net/
--
-- Хост: 127.0.0.1:3306
-- Время создания: Сен 16 2020 г., 21:29
-- Версия сервера: 5.6.43-log
-- Версия PHP: 7.3.9

SET SQL_MODE = "NO_AUTO_VALUE_ON_ZERO";
SET AUTOCOMMIT = 0;
START TRANSACTION;
SET time_zone = "+00:00";


/*!40101 SET @OLD_CHARACTER_SET_CLIENT=@@CHARACTER_SET_CLIENT */;
/*!40101 SET @OLD_CHARACTER_SET_RESULTS=@@CHARACTER_SET_RESULTS */;
/*!40101 SET @OLD_COLLATION_CONNECTION=@@COLLATION_CONNECTION */;
/*!40101 SET NAMES utf8mb4 */;

--
-- База данных: `a0350175_kinza-kras`
--

-- --------------------------------------------------------

--
-- Структура таблицы `alcohol`
--

CREATE TABLE `alcohol` (
  `alcohol_id` int(11) NOT NULL,
  `name` varchar(255) CHARACTER SET utf8 NOT NULL,
  `category_id` int(11) NOT NULL,
  `weight` varchar(255) CHARACTER SET utf8 DEFAULT NULL,
  `price` varchar(255) COLLATE utf8_unicode_ci DEFAULT NULL,
  `sort_order` int(11) DEFAULT NULL,
  `status` int(11) NOT NULL DEFAULT '1'
) ENGINE=InnoDB DEFAULT CHARSET=utf8 COLLATE=utf8_unicode_ci;

--
-- Дамп данных таблицы `alcohol`
--

INSERT INTO `alcohol` (`alcohol_id`, `name`, `category_id`, `weight`, `price`, `sort_order`, `status`) VALUES
(1, 'Фирменное «Кинза» светлое Нефильтрованное (алк. 4,0%)', 4, '300/500', '99/155', 1, 1),
(2, 'Фирменное «Кинза» темное Нефильтрованное (алк. 4,7%)', 4, '300/500', '99/155', 2, 1),
(3, 'Жигулевское Бочковое светлое Фильтрованное (алк. 4,8%)', 4, '300/500', '90/145', 3, 1),
(4, 'Эфес Пилснер (Efes Pilsener) Светлое (алк. 5%)', 5, '450', '135', 1, 1),
(5, 'Эсса (Essa): Лайм и мята 6,5%, Ананас и грейпфрут 6,5%', 5, '500', '175', 2, 1),
(6, 'Велкопоповицкий Козел Темное (алк. 3,7%)', 5, '500', '169', 3, 1),
(7, 'Сидр Честерс Chesters: Вишневый полусладкий 5,5%, Грушевый сладкий 5,5%, Яблочный полусухой 5,5%', 5, '500', '185', 4, 1),
(8, 'Бавария Премиум Молт 0%', 6, '500', '169', 1, 1),
(9, 'Мороша, алк. 40%', 7, '40/500', '60/750', 1, 1),
(10, 'Мягков Классическая, алк. 40%', 7, '40/500', '60/750', 2, 1),
(11, 'Мягков Клюквенная, алк. 40%', 7, '40/500', '60/750', 3, 1),
(12, 'Хортица Платинум, алк. 40%', 7, '40/500', '65/770', 4, 1),
(13, 'Белая Березка, алк. 40%', 7, '40/500', '80/950', 5, 1),
(14, 'Хаски Северная водка, алк. 40%', 7, '40/500', '70/870', 6, 1),
(15, 'Пять Озер Премиум, алк. 40%', 7, '40/500', '65/800', 7, 1),
(16, 'Клюквенная, алк.35% Сибирский напиток с превосходным вкусом, настоянный на ягодах клюквы', 8, '40/500', '70/800', 1, 1),
(17, 'Смородиновая, алк. 35% Настойка водки на свежей смородине', 8, '40/500', '70/800', 2, 1),
(18, 'Вишневая, алк. 35% Настойка водки на свежей вишне', 8, '40/500', '70/800', 3, 1),
(19, 'Облепиховая, алк. 35% Настойка водки на свежих ягодах облепихи', 8, '40/500', '70/800', 4, 1),
(20, 'Лимонная, алк. 35% Настойка водки на лимоне', 8, '40/500', '70/800', 5, 1),
(21, 'Хреновуха, алк. 35% Настойка водки на корне хрена с добавлением меда и имбиря', 8, '40/500', '70/800', 6, 1),
(22, 'Абсент Ксента Xenta Absentа, алк. 70%', 9, '40', '270', 1, 1),
(23, 'Ягермайстер Jagermeister, алк. 35%', 9, '40', '200', 2, 1),
(24, 'Ной Традиционный 3*, креп 40%', 10, '40', '145', 1, 1),
(25, 'Ной Традиционный 5*, креп 40%', 10, '40', '165', 2, 1),
(26, 'Великая Династия 3 года, креп 40%', 10, '40', '90', 3, 1),
(27, 'Великая Династия 5 лет, креп 40%', 10, '40', '100', 4, 1),
(28, 'Дербент 5*, креп 40%', 10, '40', '170', 5, 1),
(29, 'Вильям Лоусонс William Lawsons, креп. 40%', 11, '40', '140', 1, 1),
(30, 'Дюарс Уайт Лэйбл Dewars White Label, креп. 40%', 11, '40', '190', 2, 1),
(31, 'Баллантайнс Файнест Ballantines Finest , креп. 40%', 11, '40', '200', 3, 1),
(32, 'Джемесон Jameson, креп. 40%', 11, '40', '240', 4, 1),
(33, 'Джек Дэниелс Jack Daniels, креп. 40%', 11, '40', '290', 5, 1),
(34, 'Камино Реал Бланко Camino Real Blanko, креп. 40%, с лаймом', 12, '40/10', '220', 1, 1),
(35, 'Камино Реал Голд Camino Real Gold, креп. 40%, с лаймом', 12, '40/10', '195', 2, 1),
(36, 'Бакарди Карта Бланка Bacardi Carta Blanca, креп. 40%', 13, '40', '150', 1, 1),
(37, 'Бакарди Карта Негра Bacardi Carta Negra, креп. 40%', 13, '40', '175', 2, 1),
(38, 'Бифитер Beefeater, креп. 47%', 14, '40', '235', 1, 1),
(39, 'Малибу Malibu Coconut, алк.21%', 15, '40', '160', 1, 1),
(40, 'Самбука Sambuka, анисовый ликер, алк. 38%', 15, '40', '290', 2, 1),
(41, 'Бейлис, Beileys, алк. 17%', 15, '40', '260', 3, 1),
(42, 'Блю Кюрасао Blue Curacao алк. 24%', 15, '40', '230', 4, 1),
(43, 'Калуа Kahlua, кофейный, алк. 20%', 15, '40', '300', 5, 1),
(44, 'Трипл Сек Triple Sec, апельсиновый, алк. 40%', 15, '40', '250', 6, 1),
(45, '«Виски-Кола»', 16, '200/10', '190', 1, 1),
(46, 'Фирменный коктейль «Кинза» Мартини Бьянко, ликер Блю Кюрасао, водка пять Озер, сок апельсиновый, апельсин', 16, '240/20', '250', 2, 1),
(47, '«Лонг-Айленд Айс Ти» Водка, ром, джин, Куантро, текила, пепси, лайм', 16, '150/20', '320', 3, 1),
(48, '«Лёха» Водка, сок грейпфрута, сироп арбузный', 16, '500 мл', '490', 4, 1),
(49, '«Текила Санрайз» Текила, сок апельсина, гренадин, апельсин', 16, '210/30', '250', 5, 1),
(50, '«Мохито»', 16, '150/105', '360', 6, 1),
(51, '«Пина Колада» Ром, Малибу, сок ананас, сливки, апельсин', 16, '220/30', '320', 7, 1),
(52, '«Ром-Кола»', 16, '200/20', '220', 8, 1),
(53, '«Джин-Тоник»', 16, '190/30', '295', 9, 1),
(54, '«Мартини Тоник» Мартини Бьянко, швепс, лимон', 16, '200/5', '150', 10, 1),
(55, '«Б-52» Трипл Сек, Калуа, Бейлис', 16, '60', '320', 11, 1),
(56, 'Мартини Асти Asti Martini D.O.C.G. алк 7%', 17, '750', '2350', 1, 1),
(57, 'Абрау Дюрсо Полусладкое и брют', 17, '750', '870', 2, 1),
(58, 'Российское Шампанское  полусладкое', 17, '750', '420', 3, 1),
(59, 'Белое Полусладкое и сухое', 18, '150/500/1000', '80/265/530', 1, 1),
(60, 'Красное Полусладкое и сухое', 18, '150/500/1000', '80/265/530', 2, 1),
(61, 'Алазанская Долина, Грузия  Белое и красное полусладкое, алк. 9-15%', 19, '150/750', '220/1100', 3, 1),
(62, 'Саперави, Грузия Красное сухое, алк. 13,5%', 19, '750', '1100', 1, 1),
(63, 'Цинандали, Грузия Белое сухое, алк. 9-15%', 19, '750', '1200', 2, 1),
(64, 'Делиссимо, Италия Delissimo белое и красное полусладкое, алк. 10,5 %', 19, '150/750', '200/1000', 3, 1),
(65, 'Вальжан, Франция Valjean белое и красное сухое, алк. 10,5-11%', 19, '150/750', '180/870', 4, 1),
(66, 'Мускат, Крым Белое полусладкое, алк. 10-12%', 19, '150/750', '120/580', 5, 1),
(67, 'Саперави, Крым Красное полусладкое алк. 10-12%', 19, '150/750', '120/580', 6, 1);

-- --------------------------------------------------------

--
-- Структура таблицы `category`
--

CREATE TABLE `category` (
  `id` int(11) NOT NULL,
  `name` varchar(255) COLLATE utf8_unicode_ci NOT NULL,
  `image` varchar(255) CHARACTER SET utf8 NOT NULL,
  `sort_order` int(11) NOT NULL,
  `status` int(11) DEFAULT '1'
) ENGINE=InnoDB DEFAULT CHARSET=utf8 COLLATE=utf8_unicode_ci;

--
-- Дамп данных таблицы `category`
--

INSERT INTO `category` (`id`, `name`, `image`, `sort_order`, `status`) VALUES
(1, 'Горячие блюда', '77', 6, 1),
(2, 'Супы', '22', 5, 1),
(3, 'Завтраки', '11', 2, 1),
(4, 'Чебуреки', '66', 1, 1),
(5, 'Салаты', '33', 4, 1),
(6, 'Холодные закуски', '122', 3, 1),
(7, 'Десерты', '99', 9, 1),
(8, 'Выпечка', 'test-vv', 8, 1),
(9, 'Закуски к пиву', '88', 7, 1),
(10, 'Напитки', 'test-nn', 10, 1),
(11, 'Гарниры', '', 11, 1);

-- --------------------------------------------------------

--
-- Структура таблицы `category_alcohol`
--

CREATE TABLE `category_alcohol` (
  `category_alcohol_id` int(11) NOT NULL,
  `name` varchar(255) CHARACTER SET utf8 NOT NULL,
  `type` varchar(255) CHARACTER SET utf8 NOT NULL,
  `parent_category` int(11) DEFAULT NULL,
  `sort_order` int(11) DEFAULT NULL,
  `status` int(2) NOT NULL DEFAULT '1'
) ENGINE=InnoDB DEFAULT CHARSET=utf8 COLLATE=utf8_unicode_ci;

--
-- Дамп данных таблицы `category_alcohol`
--

INSERT INTO `category_alcohol` (`category_alcohol_id`, `name`, `type`, `parent_category`, `sort_order`, `status`) VALUES
(1, 'Пиво', 'bar', 0, 1, 1),
(2, 'Крепкие алкогольные напитки', 'bar', 0, 2, 1),
(3, 'Коктейли', 'bar', 0, 3, 1),
(4, 'Разливное', 'bar', 1, 1, 1),
(5, 'Бутылочное', 'bar', 1, 2, 1),
(6, 'Безалкогольное', 'bar', 1, 3, 1),
(7, 'Водка', 'bar', 2, 1, 1),
(8, 'Настойки собственного приготовления', 'bar', 2, 2, 1),
(9, 'Биттеры и Настойки', 'bar', 2, 3, 1),
(10, 'Коньяк и Бренди', 'bar', 2, 4, 1),
(11, 'Виски', 'bar', 2, 5, 1),
(12, 'Текила', 'bar', 2, 6, 1),
(13, 'Ром', 'bar', 2, 7, 1),
(14, 'Джин', 'bar', 2, 8, 1),
(15, 'Ликеры', 'bar', 2, 9, 1),
(16, 'Коктейли', 'bar', 3, 1, 1),
(17, 'Игристые вина', 'wine', 0, 1, 1),
(18, 'Вино домашнее', 'wine', 0, 2, 1),
(19, 'Вино', 'wine', 0, 3, 1);

-- --------------------------------------------------------

--
-- Структура таблицы `migration`
--

CREATE TABLE `migration` (
  `version` varchar(180) COLLATE utf8_unicode_ci NOT NULL,
  `apply_time` int(11) DEFAULT NULL
) ENGINE=InnoDB DEFAULT CHARSET=utf8 COLLATE=utf8_unicode_ci;

--
-- Дамп данных таблицы `migration`
--

INSERT INTO `migration` (`version`, `apply_time`) VALUES
('m000000_000000_base', 1596910810),
('m130524_201442_init', 1596910813),
('m190124_110200_add_verification_token_column_to_user_table', 1597646665),
('m200708_080437_create_category_table', 1597646665),
('m200710_085438_create_product_table', 1597646665),
('m200711_161605_create_order_table', 1597646665),
('m200711_162728_create_order_items_table', 1597646665);

-- --------------------------------------------------------

--
-- Структура таблицы `order`
--

CREATE TABLE `order` (
  `id` int(11) NOT NULL,
  `created_at` datetime DEFAULT NULL,
  `updated_at` datetime DEFAULT NULL,
  `qty` int(11) DEFAULT NULL,
  `sum` int(11) DEFAULT NULL,
  `status` tinyint(3) DEFAULT '0',
  `name` varchar(255) COLLATE utf8_unicode_ci DEFAULT NULL,
  `phone` varchar(255) COLLATE utf8_unicode_ci DEFAULT NULL,
  `address` varchar(255) COLLATE utf8_unicode_ci DEFAULT NULL,
  `text` text COLLATE utf8_unicode_ci,
  `cutlery` int(11) DEFAULT '1',
  `payment` varchar(255) COLLATE utf8_unicode_ci DEFAULT NULL,
  `type` varchar(255) COLLATE utf8_unicode_ci DEFAULT NULL,
  `id_1C` int(11) DEFAULT NULL
) ENGINE=InnoDB DEFAULT CHARSET=utf8 COLLATE=utf8_unicode_ci;

--
-- Дамп данных таблицы `order`
--

INSERT INTO `order` (`id`, `created_at`, `updated_at`, `qty`, `sum`, `status`, `name`, `phone`, `address`, `text`, `cutlery`, `payment`, `type`, `id_1C`) VALUES
(1, '2020-09-15 17:52:14', '2020-09-15 17:52:14', 4, 1115, 0, 'Алексей', '+7 156 165-16-51', 'ул. 9 мая 10 кв 108', 'adsdasd', 2, 'cash', 'delivery', NULL),
(2, '2020-09-15 18:02:28', '2020-09-15 18:02:28', 4, 1115, 0, 'Алексей', '+7 165 153-21-32', 'ул. 9мая10 кв 108', 'asdasdasd', 2, 'cash', 'delivery', NULL),
(3, '2020-09-15 18:05:32', '2020-09-15 18:05:32', 6, 1675, 0, 'Алексей', '+7 612 626-26-13', 'ул. 9 мая 10 кв 108', 'asdasdasdas', 22, 'cash', 'delivery', NULL),
(4, '2020-09-15 18:11:04', '2020-09-15 18:11:04', 4, 1115, 0, 'Алексей', '+7 486 456-45-64', 'dsadasd', 'dasdsadas', 2, 'card', 'delivery', NULL),
(5, '2020-09-15 18:11:23', '2020-09-15 18:11:23', 4, 1115, 0, 'Алексей', '+7 563 153-12-31', 'ул. 9мая10 кв 108', 'gdfgfdgfdgdf', 2, 'card', 'delivery', NULL),
(6, '2020-09-15 18:12:37', '2020-09-15 18:12:37', 3, 840, 0, 'Алексей', '+7 456 456-54-64', 'asdasd', 'asdasd', 123, 'cash', 'delivery', NULL),
(7, '2020-09-15 18:27:26', '2020-09-15 18:27:26', 6, 1675, 0, 'Алексей', '+7 (905) 086 6062', 'pickup', 'adsdasdasd', 2, 'card', 'pickup', NULL);

-- --------------------------------------------------------

--
-- Структура таблицы `order_items`
--

CREATE TABLE `order_items` (
  `id` int(11) NOT NULL,
  `order_id` int(11) NOT NULL,
  `product_id` int(11) NOT NULL,
  `name` varchar(255) COLLATE utf8_unicode_ci NOT NULL,
  `price` float NOT NULL,
  `qty_item` int(11) NOT NULL,
  `sum_item` float NOT NULL,
  `id_1C` int(11) DEFAULT NULL
) ENGINE=InnoDB DEFAULT CHARSET=utf8 COLLATE=utf8_unicode_ci;

--
-- Дамп данных таблицы `order_items`
--

INSERT INTO `order_items` (`id`, `order_id`, `product_id`, `name`, `price`, `qty_item`, `sum_item`, `id_1C`) VALUES
(1, 1, 1, 'Бефстроганов из говядины с картофельным пюре', 280, 1, 280, NULL),
(2, 1, 2, 'Бифштекс рубленый с яйцом с картофельным пюре', 280, 1, 280, NULL),
(3, 1, 4, 'Бозартма на сковороде', 275, 1, 275, NULL),
(4, 1, 14, 'Долма', 280, 1, 280, NULL),
(5, 2, 1, 'Бефстроганов из говядины с картофельным пюре', 280, 1, 280, NULL),
(6, 2, 2, 'Бифштекс рубленый с яйцом с картофельным пюре', 280, 1, 280, NULL),
(7, 2, 4, 'Бозартма на сковороде', 275, 1, 275, NULL),
(8, 2, 14, 'Долма', 280, 1, 280, NULL),
(9, 3, 1, 'Бефстроганов из говядины с картофельным пюре', 280, 1, 280, NULL),
(10, 3, 2, 'Бифштекс рубленый с яйцом с картофельным пюре', 280, 2, 560, NULL),
(11, 3, 4, 'Бозартма на сковороде', 275, 1, 275, NULL),
(12, 3, 14, 'Долма', 280, 2, 560, NULL),
(13, 4, 1, 'Бефстроганов из говядины с картофельным пюре', 280, 1, 280, NULL),
(14, 4, 2, 'Бифштекс рубленый с яйцом с картофельным пюре', 280, 1, 280, NULL),
(15, 4, 4, 'Бозартма на сковороде', 275, 1, 275, NULL),
(16, 4, 14, 'Долма', 280, 1, 280, NULL),
(17, 5, 1, 'Бефстроганов из говядины с картофельным пюре', 280, 1, 280, NULL),
(18, 5, 2, 'Бифштекс рубленый с яйцом с картофельным пюре', 280, 1, 280, NULL),
(19, 5, 4, 'Бозартма на сковороде', 275, 1, 275, NULL),
(20, 5, 14, 'Долма', 280, 1, 280, NULL),
(21, 6, 1, 'Бефстроганов из говядины с картофельным пюре', 280, 1, 280, NULL),
(22, 6, 2, 'Бифштекс рубленый с яйцом с картофельным пюре', 280, 1, 280, NULL),
(23, 6, 14, 'Долма', 280, 1, 280, NULL),
(24, 7, 1, 'Бефстроганов из говядины с картофельным пюре', 280, 1, 280, NULL),
(25, 7, 2, 'Бифштекс рубленый с яйцом с картофельным пюре', 280, 1, 280, NULL),
(26, 7, 4, 'Бозартма на сковороде', 275, 1, 275, NULL),
(27, 7, 14, 'Долма', 280, 3, 840, NULL);

-- --------------------------------------------------------

--
-- Структура таблицы `product`
--

CREATE TABLE `product` (
  `product_id` int(11) NOT NULL,
  `product_name` varchar(255) COLLATE utf8_unicode_ci NOT NULL,
  `category_id` int(11) DEFAULT NULL,
  `weight` varchar(255) COLLATE utf8_unicode_ci DEFAULT NULL,
  `proteins` float DEFAULT NULL,
  `fats` float DEFAULT NULL,
  `carbohydrates` float DEFAULT NULL,
  `calories` float DEFAULT NULL,
  `description` text COLLATE utf8_unicode_ci,
  `price` int(11) DEFAULT NULL,
  `product_image` varchar(255) COLLATE utf8_unicode_ci DEFAULT NULL,
  `sort_order` int(11) DEFAULT NULL,
  `status` int(11) DEFAULT '1',
  `id_1C` int(11) DEFAULT NULL
) ENGINE=InnoDB DEFAULT CHARSET=utf8 COLLATE=utf8_unicode_ci;

--
-- Дамп данных таблицы `product`
--

INSERT INTO `product` (`product_id`, `product_name`, `category_id`, `weight`, `proteins`, `fats`, `carbohydrates`, `calories`, `description`, `price`, `product_image`, `sort_order`, `status`, `id_1C`) VALUES
(1, 'Бефстроганов из говядины с картофельным пюре', 1, '303', 9, 17, 8, 225, 'Говядина с грибами, тушеная в сливках с луком и зеленью, подается с гарниром на выбор: гречка с маслом, картофельным пюре', 280, 'foto8176', NULL, 1, NULL),
(2, 'Бифштекс рубленый с яйцом с картофельным пюре', 1, '150/150/40', 83.4, 88.8, 25.6, 1152, 'Сочное мясо свинины и говядины с луком и обжаренным яйцом, подается с картофелем пюре, малосольными огурчиками, салатом из свежей капусты', 280, 'foto8175', NULL, 1, NULL),
(3, 'Блинчики с маслом', 3, '120/2', 7.3, 14.7, 31.2, 279.6, NULL, 75, 'foto11788', NULL, 1, NULL),
(4, 'Бозартма на сковороде', 1, '250/2', 2, 6, 3, 76, 'Баранина, картофель, томаты, грибы, перец болгарский, лук, кинза', 275, 'foto15932', NULL, 1, NULL),
(5, 'Борщ с говядиной и сметаной', 2, '330/20', 12.3, 4.5, 4.5, 108, 'Густой наваристый свекольник с говядиной, чесноком и луком, подается со сметаной и зеленью', 120, 'foto8168', NULL, 1, NULL),
(6, 'Брауни с грецким орехом', 7, '120/40', 9, 50, 63, 729.6, 'Американский, шоколадный пирог с грецким орехом', 155, '7_1', NULL, 1, NULL),
(13, 'Десерт \"Жареное молоко\"', 7, '150/50', 9.4, 35.7, 25, 500, 'Фирменный десерт от шеф-повара! Подается со сгущённым молоком', 125, 'foto15930', NULL, 1, NULL),
(14, 'Долма', 1, '150/150/4', 3, 2, 3, 45, 'Рубленая телятина в виноградных листьях с восточными травами, подается с картофельным пюре, аджикой собственного приготовления и сметаной', 280, 'foto15933', NULL, 1, NULL),
(15, 'Домашние разносолы 145/2', 6, '145/2', 1.7, 0.2, 2.5, 20.8, 'Капуста маринованная, огурцы малосольные, помидоры, помидоры черри, лук, маслины, лист салата, имбирь', 125, 'foto16146', NULL, 1, NULL),
(16, 'Картофель запеченый с курицей и сыром', 1, '250', 20.25, 16, 22, 307.5, NULL, 165, 'foto11312', NULL, 1, NULL),
(17, 'Колбаска шоколадная со сливочным соусом', 7, '100/20', 9.3, 23.4, 18.9, 520, 'Колбаска шоколадная со сливочным соусом с жареным арахисом и сливочным соусом', 69, 'foto8215', NULL, 1, NULL),
(18, 'Компанейский 345/30', 9, '345/30', 61.8, 94, 46, 1180.2, 'Набор из куриных крыльев, гренок с сыром, картофеля айдахо, пельмешек фри, подается с соусом', 285, 'foto11303', NULL, 1, NULL),
(19, 'Копченый 210/30', 9, '210/30', 44.5, 37.8, 98, 748, 'Набор из подкопченых колбасок, копченого сыра, картофельных шариков и чесночных гренок, подается с соусом', 198, 'foto11301', NULL, 1, NULL),
(20, 'Крем-суп из свежих грибов с сухариками', 2, '280/20', 9, 11, 12, 183, 'с сухариками, зеленью и луком', 148, 'foto8171', NULL, 1, NULL),
(21, 'Крем-суп из шпината', 2, '250', 13.3, 15.5, 10, 225, 'Картофель, шпинат, луковые чипсы, сливки', 159, 'foto16315', NULL, 1, NULL),
(22, 'Куриная отбивная в панировке', 1, '120/143/3', 1, 3, 0, 32, 'Куриная отбивная в бархатной панировке с картофельным пюре', 229, 'foto16219', NULL, 1, NULL),
(23, 'Куриный суп с домашней лапшой', 2, '330', 8.7, 0.6, 9.9, 88, 'Суп с картофелем, фрикадельками, домашней лапшой, луком и зеленью', 99, 'foto8163', NULL, 1, NULL),
(24, 'Лагман с говядиной', 2, '280/2', 1, 1, 4, 30, 'Домашняя лапша с говядиной и овощами, кинза', 160, 'foto15832', NULL, 1, NULL),
(25, 'Лимонад Апельсиновый 1000мл', 10, '1000', 2, 2, 57, 70, NULL, 350, 'foto11480', NULL, 1, NULL),
(26, 'Лимонад Апельсиновый 250мл', 10, '250', 2, 2, 57, 70, NULL, 88, 'foto11482', NULL, 1, NULL),
(27, 'Лимонад Классический 1000мл', 10, '1000', 2, 2, 84, 62, NULL, 350, 'foto11476', NULL, 1, NULL),
(28, 'Лимонад Классический 250мл', 10, '250', 2, 2, 84, 62, NULL, 88, 'foto11477', NULL, 1, NULL),
(29, 'Лимонад Клубничный 1000мл', 10, '1000', 1, 2, 52, 44, NULL, 350, 'foto11483', NULL, 1, NULL),
(30, 'Лимонад Клубничный 250мл', 10, '250', 1, 2, 52, 44, NULL, 88, 'foto11484', NULL, 1, NULL),
(31, 'Лимонад Облепиховый 1000мл', 10, '1000', 1, 2, 84, 62, NULL, 350, 'foto43615', NULL, 1, NULL),
(32, 'Лимонад Облепиховый 250мл', 10, '250', 1, 2, 84, 62, NULL, 88, 'foto18418', NULL, 1, NULL),
(33, 'Лимонад Огуречный 1000мл', 10, '1000', 2, 2, 51, 41, NULL, 350, 'foto11478', NULL, 1, NULL),
(34, 'Лимонад Огуречный 250мл', 10, '250', 2, 2, 51, 41, NULL, 88, 'foto11479', NULL, 1, NULL),
(35, 'Лимонный суп', 2, '280', 7.8, 6.5, 8.7, 100, 'Суп с куриным филе, рисом, яйцом, соком и цедрой лимона', 159, 'foto16384', NULL, 1, NULL),
(36, 'Луковый крем-суп', 2, '280', 4.2, 8.1, 12, 132, 'Картофель, лук-порей, сливки', 155, 'foto16348', NULL, 1, NULL),
(37, 'Мампар', 2, '300', 3.3, 2.1, 21.6, 120, 'Суп из телятины, блинчиков из яиц, клецок, болгарского перца, лука и чеснока', 169, 'foto21088', NULL, 1, NULL),
(38, 'Манты \"Узбекские\"', 1, '27', 1, 1, 17, 168, 'Собственного приготовления (свинина, говядина) с аджикой из свежих овощей (4 шт.)', 165, 'foto8180', NULL, 1, NULL),
(39, 'Манты с \"Курицей\"', 1, '220/30/2', 3, 3, 4, 48, 'Манты с курицей подаются со сметаной', 165, 'foto18289', NULL, 1, NULL),
(40, 'Мясная тарелка', 6, '90/10/10', 2.6, 97.9, 0, 877, 'Колбаса сырокопченая, сало соленое, сервелат, лист салата, горчица, хрен', 135, 'foto11309', NULL, 1, NULL),
(41, 'Наггетсы куриные на палочке', 1, '1495', 1, 3, 0, 32, 'Наггетсы куриные с соусом и попкорном', 169, 'foto16221', NULL, 1, NULL),
(42, 'Напиток \"Тархун\" 1000мл', 10, '1000', 2, 2, 103, 64, NULL, 350, 'foto8257', NULL, 1, NULL),
(43, 'Напиток \"Тархун\" 250мл', 10, '250', 2, 2, 103, 64, NULL, 98, 'foto8256', NULL, 1, NULL),
(44, 'Оджахури из телятины', 1, '300', 0, 0, 0, 0, 'Говядина, картофель, томаты, лук репчатый, зёрна граната, чеснок, аджика', 268, 'foto16343', NULL, 1, NULL),
(45, 'Окрошка на квасе со сметаной', 2, '300/20', 9, 10.5, 20.1, 216, 'Окрошка на квасе со сметаной', 129, 'foto8164', NULL, 1, NULL),
(46, 'Панкейки с кленовым сиропом', 3, '150/30', 10.8, 20.25, 75.6, 525, NULL, 105, 'foto11793', NULL, 1, NULL),
(47, 'Пельмени жареные', 1, '16', 1, 1, 26, 250, 'Подаются с соусом на выбор: масло сливочное, сметана, майонез, аджика', 155, 'foto11297', NULL, 1, NULL),
(48, 'Пельмени запеченые со сметаной', 1, '220/30/2', 1, 2, 7, 78, NULL, 178, 'foto11315', NULL, 1, NULL),
(49, 'Пельмени отварные', 1, '2', 1, 1, 21, 202, 'Подаются с соусом на выбор: масло сливочное, сметана, майонез, аджика', 155, 'foto8182', NULL, 1, NULL),
(50, 'Пивной 230/30', 9, '230/30', 42, 36.8, 90.1, 835, 'Рыбные палочки, кольца кальмаров, сыр жареный во фритюре, копченый сыр, подается с соусом', 285, 'foto11304', NULL, 1, NULL),
(51, 'Плов \"Узбекский\"', 1, '300', 9, 9, 24, 215, 'Из говядины, чеснока, лука, с добавлением зиры и барбариса', 158, 'foto8179', NULL, 1, NULL),
(52, 'Русская мясная солянка', 2, '300/20/17', 15.6, 13.8, 5.1, 206.1, 'Картофель, копченая говядина и курочка, ветчина, лук, подается со сметаной, лимоном, маслинами и зеленью', 165, 'foto8166', NULL, 1, NULL),
(53, 'Рыбное ассорти', 6, '100/60', 16.7, 7.5, 0.8, 125, 'Горбуша х/к, скумбрия х/к, огурец, лимон, масло сливочное, листья салата, редис, чипсы, зелень', 219, 'foto11311', NULL, 1, NULL),
(54, 'Салат \"Винегрет\"', 5, '180/2', 1, 10, 7, 124, 'Салат из отварных овощей, зеленого горошка, маринованного огурца, с подсолнечным маслом', 89, 'foto8151', NULL, 1, NULL),
(55, 'Салат \"Греческий\"', 5, '202', 4, 17, 3, 187, 'Свежие офощи, фетакса, листья салата, маслины, лук красный, масляная заправка', 158, 'foto8149', NULL, 1, NULL),
(56, 'Салат \"Капустный\" с морковью и огурцами', 5, '180/2', 1, 10, 4, 112, 'С морковью, свежим огурцом, заправлен маслом', 65, 'foto8150', NULL, 1, NULL),
(57, 'Салат \"Ляйсан\"', 5, '180/2', 1, 2, 3, 37, 'Морковь острая, перец болгарский, лапша рисовая, говядина, листья салата, масляная заправка', 165, 'foto15830', NULL, 1, NULL),
(58, 'Салат \"Обжорка\"', 5, '180/2', 8, 25, 9, 287, 'Обжаренное нежное куриное филе, морковь по-корейски, огурцы маринованные, грибы свежие, сыр, сухарики, листья салата, майонезная заправка', 160, 'foto8152', NULL, 1, NULL),
(59, 'Салат \"Оливье\"', 5, '180/2', 3, 10, 7, 134, 'Домашний салат с картофелем, маринованным огурцом, морковью, зеленым горошком и вареной колбасой с майонезной заправкой', 115, 'foto8144', NULL, 1, NULL),
(60, 'Салат \"Рохат\"', 5, '160/2', 2, 2, 1, 25, 'Теплый салат из телятины, баклажанов, болгарского перца, чеснока и кинзы', 189, 'foto15926', NULL, 1, NULL),
(61, 'Салат \"Сельдь под шубой\"', 5, '180/2', 8, 15, 6, 193, 'Классическая селедочка с отварными овощами, яйцом и майонезом', 115, 'foto8148', NULL, 1, NULL),
(62, 'Салат \"Ташкент\"', 5, '182', 2, 4, 1, 44, 'Говядина, яйцо, редька, лук жареный, грецкий орех, майонезная заправка', 158, 'foto15831', NULL, 1, NULL),
(63, 'Салат \"Тжвжик\"', 5, '180', 2, 2, 1, 29, 'Печень, сердце, лук, томаты, кинза', 138, 'foto15924', NULL, 1, NULL),
(64, 'Салат \"Фруктовый\"', 7, '200', 95, 3, 30, 159, 'Яблоко, банан, киви, апельсин, сливочный соус', 95, 'foto15826', NULL, 1, NULL),
(65, 'Салат \"Цезарь\" с курицей', 5, '180/2', 10, 23, 16, 262, 'Листья салата с сыром «Пармезан», сухариками, помидорами Черри и нежным куриным филе под соусом \"Цезарь\"', 180, 'foto8153', NULL, 1, NULL),
(66, 'Салат \"Чафан\"', 5, '180/2', 6, 19, 12, 226, 'Говядина обжаренная, картофель пай, свекла, морковь, капуста, огурец свежий, чеснок, масляная заправка', 120, 'foto8145', NULL, 1, NULL),
(67, 'Салат из редьки Дайкон', 5, '180/2', 2, 1, 1, 23, 'С телятиной и зернами граната', 155, 'foto15925', NULL, 1, NULL),
(68, 'Салат из свежих овощей с майонезом', 5, '150/30', 2, 13, 5, 149, NULL, 108, 'foto8160', NULL, 1, NULL),
(69, 'Салат из свежих овощей с оливковым маслом', 5, '152', 1, 19, 5, 197, NULL, 108, 'foto8161', NULL, 1, NULL),
(70, 'Салат из свежих овощей с растительным маслом', 5, '152', 1, 19, 5, 197, NULL, 108, 'foto8158', NULL, 1, NULL),
(71, 'Салат из свежих овощей со сметаной', 5, '152', 2, 6, 6, 84, NULL, 108, 'foto8159', NULL, 1, NULL),
(72, 'Салат с кальмаром и свежим огурцом', 5, '202', 8, 12, 4, 161, 'Кальмары отварные, морская капуста, огурец свежий, капуста белокочанная, яйцо, зеленый горошек, майонез', 155, 'foto8147', NULL, 1, NULL),
(73, 'Салат с тунцом', 5, '240', 0, 0, 0, 0, 'Лист салата, тунец консервированный, помидоры черри, огурец свежий, яйцо, лук красный, оливковое масло', 179, 'foto16341', NULL, 1, NULL),
(74, 'Салат-коктейль с ветчиной и сыром', 5, '180/2', 8, 21, 2, 236, 'Ветчина, сыр, томаты свежие, огурец свежий, яйцо, майонезная заправка', 149, 'foto8729', NULL, 1, NULL),
(81, 'Сельдь по-русски', 6, '75/75/30', 14, 19, 10, 212, 'С отварным картофелем, луком и масляной заправкой', 105, 'foto8146', NULL, 1, NULL),
(82, 'Сырная похлебка с чесночной гренкой', 2, '280/20', 8.1, 6.6, 28.2, 201, 'Сырная похлебка с чесночной гренкой, зеленью и луком', 148, 'foto8167', NULL, 1, NULL),
(83, 'Сырники', 3, '150/2', 11.4, 57, 37, 706.5, NULL, 109, 'foto11791', NULL, 1, NULL),
(84, 'Сырное ассорти', 6, '100/20', 29, 35.4, 0.36, 209, 'Сыр коса, твердый сыр, брынза в специях, брецель, зерна граната, мед', 135, 'foto11310', NULL, 1, NULL),
(85, 'Сытный 210/30', 9, '200/30/30', 47, 39.1, 100.5, 759.6, 'Набор из мини-чебуреков с мясом, подкопченых колбасок, гренок чесночных, картофельных шариков, подается с соусом', 198, 'foto11302', NULL, 1, NULL),
(86, 'Тирамиссу Классический 150/4гр.', 7, '164', 6, 25, 117, 347, NULL, NULL, 'foto8214', NULL, 0, NULL),
(88, 'Фахитас из телятины с соусом  BBQ', 1, '240/35/30/2', 1, 3, 0, 32, NULL, 265, 'foto16211', NULL, 1, NULL),
(89, 'Филе кеты в сливках', 1, '293', 12, 18, 14, 267, 'Филе кеты в сливках запеченное в духовом шкафу, подается с рисом, соусом «Тар-тар», лимоном и зеленью', 368, 'foto8189', NULL, 1, NULL),
(90, 'Фрикадельки из курицы с картофельными дольками', 1, '2508', 1, 3, 0, 32, 'Фрикадельки из курицы с картофельными дольками в сливочном соусе подаются со свежими томатами и огурцом', 265, 'foto16217', NULL, 1, NULL),
(91, 'Фруктовое ассорти 120/4', 7, '120/4', 1.5, 1, 14, 66, 'Яблоки, киви, банан, апельсин, попкорн, зёерна граната', 89, 'foto16143', NULL, 1, NULL),
(92, 'Хачапури по-аджарски', 8, '250', 19, 34.5, 81, 712.5, NULL, 169, 'foto16463', NULL, 1, NULL),
(93, 'Хинкали с аджикой из свежих овощей', 1, '137.5', 1, 1, 24, 223, 'Собственного приготовления (говядина) с аджикой из свежих овощей, (5шт)', 165, 'foto8181', NULL, 1, NULL),
(94, 'Чак - Чак', 7, '100/15', 99, 10, 2.2, 418, NULL, 99, 'foto15827', NULL, 1, NULL),
(95, 'Чебурек \"Баварский\"', 4, '150/30', 13, 39.9, 44, 596.5, 'Чебурек с охотничьими колбасками, беконом, луком, грибами, сыром подается со сметаной', 108, 'foto21087', NULL, 1, NULL),
(96, 'Чебурек \"Баварский\" двойной', 4, '220/30', 19.5, 59, 66.6, 822.8, 'Чебурек с охотничьими колбасками, беконом, луком, грибами, сыром подается со сметаной', 165, 'foto18298', NULL, 1, NULL),
(97, 'Чебурек \"Восточный\"', 4, '150/30', 14, 18.8, 41.8, 394.5, 'Баранина с луком и кинзой, приправленный чили-перцем,подается со сметаной', 108, 'foto8115', NULL, 1, NULL),
(98, 'Чебурек \"Восточный\" двойной', 4, '220/30', 20.5, 27.5, 61.4, 578.6, 'Баранина с луком и кинзой, приправленный чили-перцем,подается со сметаной', 165, 'foto11319', NULL, 1, NULL),
(99, 'Чебурек \"Грузинский\"', 4, '150/30', 5.5, 9.5, 38.9, 581, 'Чебурек с творогом, курагой, грецким орехом, сметаной, подается со сливочным соусом', 108, 'foto15923', NULL, 1, NULL),
(100, 'Чебурек \"Грузинский\" двойной', 4, '220/30', 12.8, 19.2, 38, 765.6, 'Чебурек с творогом, курагой, грецким орехом, сметаной, подается со сливочным соусом', 165, 'foto15934', NULL, 1, NULL),
(101, 'Чебурек \"Дамский\"', 4, '150/30', 8, 29, 37, 511, 'Сочный чебурек, с начинкой из телятины и лука, подается со сметаной', 108, 'foto8109', NULL, 1, NULL),
(102, 'Чебурек \"Дамский\" двойной', 4, '220/30', 11.6, 51, 48.2, 742, 'Сочный чебурек, с начинкой из телятины и лука, подается со сметаной', 108, 'foto11326', NULL, 1, NULL),
(103, 'Чебурек \"Деликатесный\"', 4, '150/30', 7.5, 27.1, 33.2, 385, 'Сочный чебурек, с нежной курочкой, сыром, луком, грибами, подается со сметаной', 108, 'foto8108', NULL, 1, NULL),
(104, 'Чебурек \"Деликатесный\" двойной', 4, '220/30', 12.1, 47, 37.5, 598, 'Сочный чебурек, с нежной курочкой, сыром, луком, грибами, подается со сметаной', 165, 'foto11324', NULL, 1, NULL),
(105, 'Чебурек \"Деревенский\"', 4, '150/30', 4.5, 29.2, 35.2, 485, 'Куриные потрошка с луком и сливками, подается со сметаной', 108, 'foto8112', NULL, 1, NULL),
(106, 'Чебурек \"Деревенский\" двойной', 4, '220/30', 12.1, 50, 42.5, 701, 'Куриные потрошка с луком и сливками, подается со сметаной', 165, 'foto11328', NULL, 1, NULL),
(107, 'Чебурек \"Итальянский\"', 4, '150/30', 3.8, 28.5, 28.5, 418, 'Лёгкий, оригинальный чебурек с ветчиной и сыром, подаётся с листьями салата, вялеными томатами, сыром \"Моцарелла\" и соусом крем-бальзамик', 108, '4_1', NULL, 1, NULL),
(108, 'Чебурек \"Итальянский\" двойной', 4, '220/30', 11.2, 39.4, 33.5, 525, 'Лёгкий, оригинальный чебурек с ветчиной и сыром, подаётся с листьями салата, вялеными томатами, сыром \"Моцарелла\" и соусом крем-бальзамик', 165, '4_1', NULL, 1, NULL),
(109, 'Чебурек \"Карелия\"', 4, '150/30', 5, 27, 33, 525, 'Начинка из рыбы лососевых пород, с сыром, луком, подается со сметаной', 108, 'foto8113', NULL, 1, NULL),
(110, 'Чебурек \"Карелия\" двойной', 4, '220/30', 12.6, 51, 22.2, 615, 'Начинка из рыбы лососевых пород, с сыром, луком, подается со сметаной', 165, 'foto11327', NULL, 1, NULL),
(111, 'Чебурек \"Кинза\"', 4, '150/30', 20.5, 17, 52.7, 444, 'Хрустящее тесто с тающей начинкой из домашней брынзы, сыра «Гауда», зеленью кинзы, подается со сметаной', 108, 'foto8103', NULL, 1, NULL),
(112, 'Чебурек \"Кинза\" двойной', 4, '220/30', 30.1, 24.9, 77.2, 651.2, 'Хрустящее тесто с тающей начинкой из домашней брынзы, сыра «Гауда», зеленью кинзы, подается со сметаной', 165, 'foto11320', NULL, 1, NULL),
(113, 'Чебурек \"Лесной\"', 4, '150/30', 5.8, 25.2, 28.5, 398, 'Чебурек с вешенками и шампиньонами в сливках, с добавлением лука, подаётся со сметаной', 108, 'foto16451', NULL, 1, NULL),
(114, 'Чебурек \"Лесной\" двойной', 4, '220/30', 14.1, 41, 36, 501.2, 'Чебурек с вешенками и шампиньонами в сливках, с добавлением лука, подаётся со сметаной', 165, 'foto16457', NULL, 1, NULL),
(115, 'Чебурек \"Мужской\"', 4, '150/30', 12, 37.5, 42, 553.5, 'Аппетитный чебурек с говядиной и свининой с добавлением лука, подается со сметаной', 108, 'foto8110', NULL, 1, NULL),
(116, 'Чебурек \"Мужской\" двойной', 4, '220/30', 17.6, 55, 61.6, 811.8, 'Аппетитный чебурек с говядиной и свининой с добавлением лука, подается со сметаной', 165, 'foto11325', NULL, 1, NULL),
(117, 'Чебурек \"Не детский\"', 4, '150/30', 15, 42.7, 51, 758, 'Сочный чебурек, начиненный свининой, пряностями, луком, подается со сметаной', 108, 'foto8110', NULL, 1, NULL),
(118, 'Чебурек \"Не детский\" двойной', 4, '220/30', 20.8, 61, 67, 978.7, 'Сочный чебурек, начиненный свининой, пряностями, луком, подается со сметаной', 165, 'foto11322', NULL, 1, NULL),
(119, 'Чебурек \"Пьяная вишня\"', 4, '150/30', 2.5, 14, 39.7, 499, 'Хрустящее тесто с начинкой из свежей вишни с добавлением коньяка, подается с соусом из свежей вишни', 108, 'foto8114', NULL, 1, NULL),
(120, 'Чебурек \"Пьяная вишня\" двойной', 4, '220/30', 7.1, 24.2, 58.2, 638, 'Хрустящее тесто с начинкой из свежей вишни с добавлением коньяка, подается с соусом из свежей вишни', 165, 'foto11329', NULL, 1, NULL),
(121, 'Чебурек \"Русский\"', 4, '150/30', 5, 21, 58, 423, 'Начинен толченым картофелем и жареными грибами с добавлением лука, подается со сметаной', 108, 'foto8106', NULL, 1, NULL),
(122, 'Чебурек \"Русский\" двойной', 4, '220/30', 8.7, 43.4, 62.9, 612, 'Начинен толченым картофелем и жареными грибами с добавлением лука, подается со сметаной', 165, 'foto11323', NULL, 1, NULL),
(123, 'Чебурек \"Тайский\"', 4, '150/30', 6, 22, 35, 534, 'Чебурек с говядиной, имбирём и Тайским соусом чили', 108, 'foto16453', NULL, 1, NULL),
(124, 'Чебурек \"Тайский\" двойной', 4, '220/30', 11.6, 43.8, 46.2, 788, 'Чебурек с говядиной, имбирём и Тайским соусом чили', 165, 'foto16459', NULL, 1, NULL),
(125, 'Чебурек \"Украинский\"', 4, '150/30', 11, 33.5, 39, 653.5, 'Чебурек с рубленным мясом, квашенной капустой, салом, луком, подается со сметаной', 108, 'foto15922', NULL, 1, NULL),
(126, 'Чебурек \"Украинский\" двойной', 4, '220/30', 16.3, 51, 66.1, 856, 'Чебурек с рубленным мясом, квашенной капустой, салом, луком, подается со сметаной', 165, 'foto15937', NULL, 1, NULL),
(127, 'Чебурек \"Фермерский\"', 4, '150/30', 8, 29, 30, 436.3, 'Чебурек с индейкой, куриным филе, капустой, луком, подается со сметаной', 108, 'foto15920', NULL, 1, NULL),
(128, 'Чебурек \"Фермерский\" двойной', 4, '220/30', 12.5, 45, 24, 625, 'Чебурек с индейкой, куриным филе, капустой, луком, подается со сметаной', 165, 'foto15935', NULL, 1, NULL),
(129, 'Чебурек \"Цезарь\"', 4, '150/30', 17.1, 36.9, 50.1, 600, 'Хрустящее тесто с начинкой из курицы, сыра, томатов, подается с листьями салата, сухариками, соусом «Цезарь»', 108, 'foto8104', NULL, 1, NULL),
(130, 'Чебурек \"Цезарь\" двойной', 4, '220/30', 25.1, 54.1, 73.5, 880, 'Хрустящее тесто с начинкой из курицы, сыра, томатов, подается с листьями салата, сухариками, соусом «Цезарь»', 165, 'foto11321', NULL, 1, NULL),
(131, 'Чебурек \"Штрудель\"', 4, '150/30', 7.5, 13, 42.5, 511.5, 'Чебурек с яблоками, изюмом, грецким орехом и корицей, подается с вишневым соусом', 108, 'foto11308', NULL, 1, NULL),
(132, 'Чебурек \"Штрудель\" двойной', 4, '220/30', 17.4, 25, 59.5, 689, 'Чебурек с яблоками, изюмом, грецким орехом и корицей, подается с вишневым соусом', 165, 'foto11330', NULL, 1, NULL),
(133, 'Чебурек \"Эксклюзивный\"', 4, '150/30', 10, 32, 38, 498, 'Чебурек с куриным филе, индейкой, горбушей в сливках, луком, подается со сметаной', 108, 'foto15921', NULL, 1, NULL),
(134, 'Чебурек \"Эксклюзивный\" двойной', 4, '220/30', 15.6, 51, 28.2, 715, 'Чебурек с куриным филе, индейкой, горбушей в сливках, луком, подается со сметаной', 165, 'foto15936', NULL, 1, NULL),
(135, 'Чучвара с бараниной', 1, '165/135/2', 2, 1, 4, 34, 'Узбекские пельмешки с бульоном из свежих овощей, кинзой', 155, 'foto18290', NULL, 1, NULL),
(136, 'Шарики пикантные из говядины', 1, '120/100/20/30', 20, 7, 33, 263, 'Из говядины на шпажке с картофелем фри и соусом', 255, 'foto11316', NULL, 1, NULL),
(137, 'Шашлык из курицы с жареным картофелем', 1, '150/100/45', 13, 18, 9, 254, 'Шашлык из курицы с жареным картофелем, маринованным луком, аджикой из свежих овощей собственного приготовления', 255, 'foto8188', NULL, 1, NULL),
(138, 'Шоколадный фондан с мороженым', 7, '110', 10, 52, 68, 810, NULL, 155, 'foto16236', NULL, 1, NULL),
(139, 'Шурпа из баранины', 2, '300', 10.2, 6.6, 18.9, 177, 'Суп с картофелем, луком, морковью, болгарским перцем, кинзой', 165, 'foto8170', NULL, 1, NULL),
(140, 'Яблочный штрудель', 7, '50/84', 11.6, 28, 58.4, 554, 'Штрудель яблочный с карамелью, мороженым, топингом и лимонным соусом', 165, 'foto16229', NULL, 1, NULL),
(141, 'Самса \"Сникерс\"', 8, '125', 9, 10.6, 70, 400, 'Вареная сгущенка, арахисовый грильяж', 85, '8_1', NULL, 1, NULL),
(142, 'Самса со шпинатом и брынзой', 8, '125', 8.3, 15.8, 17.8, 248, 'шпинат, жареный лук, тёртая брынза', 105, '8_2', NULL, 1, NULL),
(143, 'Самса с бараниной', 8, '125', 15, 35, 25, 485, '', 105, '8_3', NULL, 1, NULL),
(144, 'Самса с капустой', 8, '125', 4.6, 15.5, 19.2, 237, '', 95, '8_4', NULL, 1, NULL),
(145, 'Самса со свининой', 8, '125', 20, 30, 29, 468, '', 105, '8_5', NULL, 1, NULL),
(146, 'Самса сырная', 8, '125', 11.25, 9.4, 45.5, 308, '', 99, '8_6', NULL, 1, NULL),
(147, 'Самса с кетой', 8, '125', 9.3, 22.1, 11.9, 283, '', 105, '8_7', NULL, 1, NULL),
(148, 'Самса с курицей', 8, '125', 13.8, 30, 21.2, 406, '', 99, '8_8', NULL, 1, NULL),
(149, 'Самса с картофелем', 8, '125', 6, 3.9, 40, 211, '', 95, '8_9', NULL, 1, NULL),
(150, 'Самса с индейкой', 8, '125', 13.7, 28, 20, 398, '', 108, '8_10', NULL, 1, NULL),
(151, 'Самса с брынзой', 8, '125', 8.5, 16, 18, 265, '', 99, '8_11', NULL, 1, NULL),
(152, 'Чизкейк клубничный', 7, '100/20', 8.2, 25.5, 38.5, 415, '', 185, '7_2', NULL, 1, NULL),
(153, 'Чизкейк карамельно-шоколадный', 7, '100/20', 8.2, 25.5, 38.5, 415, '', 185, '7_3', NULL, 1, NULL),
(154, 'Чизкейк Нью-Йорк', 7, '100/20', 8.2, 25.5, 38.5, 415, '', 185, '7_4', NULL, 1, NULL),
(155, 'Чизкейк Красный бархат', 7, '100/20', 8.2, 25.5, 38.5, 415, '', 185, '7_5', NULL, 1, NULL),
(156, 'Торт морковный', 7, '110/40', 10.5, 28.8, 40, 448, 'с цукатами, грецким орехом и воздушным сливочным кремом', 155, '7_6', NULL, 1, NULL),
(157, 'Торт красный бархат', 7, '120', 5.5, 30.2, 49, 530, 'Бисквитные коржи со сливочно-сырным кремом', 155, '7_7', NULL, 1, NULL),
(158, 'Фирменный торт «Кинза»', 7, '100/20', 7.2, 34.8, 59, 573, 'Медовые коржи, прослоенные сгущенным молоком и сметаной, поливается шоколадным топингом', 139, '7_8', NULL, 1, NULL),
(159, 'Маффин черничный', 7, '120', 5.3, 11.8, 42.3, 295, '', 99, '7_9', NULL, 1, NULL),
(160, 'Маффин шоколадный', 7, '120', 7.2, 14.4, 66, 420, '', 99, '7_10', NULL, 1, NULL),
(161, 'Блинчики с ветчиной и сыром', 3, '150', 21.5, 30.3, 53, 573, '', 99, '3_1', NULL, 1, NULL),
(162, 'Блинчики с бананом и шоколадом', 3, '150', 5, 11.5, 36.3, 262, '', 99, '3_2', NULL, 1, NULL),
(163, 'Манная каша', 3, '200', 6.8, 4.6, 23.2, 158, '', 69, '3_3', NULL, 1, NULL),
(164, 'Овсяная каша', 3, '200', 9.2, 12, 35, 273, '', 69, '3_4', NULL, 1, NULL),
(165, 'Рисовая каша', 3, '200', 5, 6.2, 32, 194, '', 69, '3_5', NULL, 1, NULL),
(166, 'Вареники с картошкой', 1, '200/30', 8.8, 7.4, 37, 250, 'Подаются со сметаной', 89, 'foto8873', NULL, 1, NULL),
(167, 'Вареники с капустой', 1, '200/30', 6.5, 5.7, 28, 225, 'Подаются со сметаной', 89, 'foto8873', NULL, 1, NULL),
(168, 'Вареники с творогом и изюмом', 1, '200/30', 24, 8.4, 34, 308, 'Подаются со сметаной', 129, 'foto8876', NULL, 1, NULL),
(169, 'Вареники с вишней и сметаной', 1, '200/30', 15.2, 0, 37.4, 210, '', 129, 'foto8876', NULL, 1, NULL),
(170, 'Вареники с клубникой', 1, '200/30', 15.8, 0, 35.2, 410, '', 129, 'foto8876', NULL, 1, NULL),
(171, 'Вареники с черной смородиной', 1, '200/30', 15.5, 0, 34.8, 370, '', 129, 'foto8876', NULL, 1, NULL),
(172, 'Манты \"Узбекские\"', 1, '220/50', 19.8, 22, 59.4, 514, 'Собственного приготовления (свинина, говядина) с аджикой из свежих овощей (4 шт.)', 165, '1_3', NULL, 1, NULL),
(173, 'Манты с курицей', 1, '220/50', 19.8, 22, 59.4, 514, 'Собственного приготовления (свинина, говядина) с аджикой из свежих овощей (4 шт.)', 166, '1_4', NULL, 1, NULL),
(174, 'Хинкали', 1, '225/50', 23.5, 12.9, 53.7, 412, 'Собственного приготовления (говядина) с аджикой из свежих овощей, (5шт)', 165, '1_5', NULL, 1, NULL),
(175, 'Чучвара с бараниной ', 1, '165/132', 25, 23.8, 68, 578, 'Узбекские пельмешки с бульоном из свежих овощей, кинзой', 155, '1_6', NULL, 1, NULL),
(176, 'Гренки чесночные с соусом «Блю чиз»', 9, '100/30', 9.5, 12.5, 22.1, 239, '', 129, '9_1', NULL, 1, NULL),
(177, 'Гречка с маслом', 11, '150', 6.5, 8.1, 34.5, 237, '', 60, '3_6', NULL, 1, NULL),
(178, 'Фирменная закуска чебуречные криспы с соусом \"сметанно-огуречный\" и \"чили с майонезом\"', 9, '80/30/30', 8.2, 13.7, 23.5, 275, '', 65, '9_2', NULL, 1, NULL),
(179, 'Глазунья с ветчиной', 3, '100', 17.8, 26, 8, 322, 'Яйцо, ветчина, зелень', 89, '3_7', NULL, 1, NULL),
(180, 'Картофель \"Айдахо\" с аджикой из свежих овощей\"', 11, '150/30', 2, 13, 18, 180, '', 90, '9_3', NULL, 1, NULL),
(181, 'Картофель фри с соусом', 11, '100/30', 1.8, 11.4, 16, 170, '', 60, '9_4', NULL, 1, NULL),
(182, 'Картофельное пюре', 11, '150', 3.2, 6.9, 12.8, 122, '', 60, '1_7', NULL, 1, NULL),
(183, 'Острые куриные крылышки с соусом \"Барбекю\"', 9, '140/30', 20.8, 32.2, 15, 432, '', 189, '9_5', NULL, 1, NULL),
(184, 'Окрошка на кефире', 2, '300/20', 9.3, 5.7, 12.9, 141, 'Окрошка на кефире', 129, '2_1', NULL, 1, NULL),
(185, 'Рис с овощами', 11, '150', 3, 2, 21.3, 117, '', 55, '1_8', NULL, 1, NULL),
(186, 'Рыбные палочки фри с соусом \"тар-тар\"', 9, '120/30', 19, 17.4, 44.8, 412, '', 98, '9_6', NULL, 1, NULL),
(187, 'Компот из сухофруктов 250 мл', 10, '250', NULL, NULL, NULL, NULL, NULL, 45, NULL, NULL, 1, NULL),
(188, 'Компот из сухофруктов 500 мл', 10, '500', NULL, NULL, NULL, NULL, NULL, 90, NULL, NULL, 1, NULL),
(189, 'Компот из сухофруктов 1000 мл', 10, '1000', NULL, NULL, NULL, NULL, NULL, 180, NULL, NULL, 1, NULL),
(190, 'Напиток облепиховый 250 мл', 10, '250', NULL, NULL, NULL, NULL, NULL, 49, 'sea ​_buckthorn_fresh', NULL, 1, NULL),
(191, 'Напиток облепиховый 500 мл', 10, '500', NULL, NULL, NULL, NULL, NULL, 98, 'sea ​_buckthorn_fresh', NULL, 1, NULL),
(192, 'Напиток облепиховый 1000 мл', 10, '1000', NULL, NULL, NULL, NULL, NULL, 195, 'sea ​_buckthorn_fresh', NULL, 1, NULL),
(193, 'Морс брусничный 250 мл', 10, '250', NULL, NULL, NULL, NULL, NULL, 49, 'lingonberry_fresh', NULL, 1, NULL),
(194, 'Морс брусничный 500мл', 10, '500', NULL, NULL, NULL, NULL, NULL, 98, 'lingonberry_fresh', NULL, 1, NULL),
(195, 'Морс брусничный 1000мл', 10, '1000', NULL, NULL, NULL, NULL, NULL, 195, 'lingonberry_fresh', NULL, 1, NULL),
(196, 'Фреш апельсиновый', 10, '250', NULL, NULL, NULL, NULL, NULL, 185, 'orange_fresh', NULL, 1, NULL),
(197, 'Фреш яблочный', 10, '250', NULL, NULL, NULL, NULL, NULL, 185, 'apple_fresh', NULL, 1, NULL),
(198, 'Фреш морковный со сливками', 10, '250/10', NULL, NULL, NULL, NULL, NULL, 165, 'carrot_fresh', NULL, 1, NULL),
(199, 'Фреш грейпфрутовый', 10, '250', NULL, NULL, NULL, NULL, NULL, 199, 'grapefruit_fresh', NULL, 1, NULL),
(200, 'Пепси', 10, '500', NULL, NULL, NULL, NULL, NULL, 110, NULL, NULL, 1, NULL),
(201, '7UP', 10, '500', NULL, NULL, NULL, NULL, NULL, 110, NULL, NULL, 1, NULL),
(202, 'Mirinda', 10, '500', NULL, NULL, NULL, NULL, NULL, 110, NULL, NULL, 1, NULL),
(203, 'Аква Минерале газ/негаз', 10, '500', NULL, NULL, NULL, NULL, NULL, 79, NULL, NULL, 1, NULL),
(204, 'Мини- чебуреки \"4 сезона\"', 4, '200/50', 16.2, 23, 52.7, 500, 'Ассорти из мини-чебуреков «Зима» (мясной) 1шт./50гр, \"Осень (яблоко,чернослив,изюм) 1шт./50гр, «Весна» (овощной)1шт./50гр, «Лето» (сыр и помидоры)1шт./50гр', 148, 'four_seasons', NULL, 1, NULL),
(205, 'Мини- чебуреки \"Сластёна\"', 4, '200/50', 12.5, 18, 58.2, 626, 'С творогом и изюмом 1шт./50грС вареной сгущенкой 1 шт./50грС повидлом 1шт./50гр«Пьяная вишня» 1шт./50гр.', 148, 'four_seasons', NULL, 1, NULL),
(206, 'Европейский  завтрак', 3, '135/250', 17.3, 27.8, 13.4, 382, 'Омлет, тосты с маслом и джемом, чай в чашке', 125, NULL, NULL, 1, NULL),
(207, 'Русский завтрак', 3, '220/250', NULL, NULL, NULL, NULL, 'Каша дня, тосты с сыром и колбасой, масло сливочное, чай в чашке', 139, NULL, NULL, 1, NULL),
(208, 'Восточный завтрак', 3, '250/250', 26, 48, 29, 497, 'Чебурек \"утренний\" с омлетом и помидорами, овощной салат, чай в чашке', 165, NULL, NULL, 1, NULL),
(209, 'Бефстроганов из говядины с гречкой', 1, '150/150/3', 25, 17, 8.9, 289.5, 'Говядина с грибами, тушеная в сливках с луком и зеленью, подается с гречкой и с маслом', 280, 'foto8176', NULL, 1, NULL),
(210, 'Картофель запеченный с говядиной, луком и грибами на сковороде', 1, '250', 22, 19, 25, 328, NULL, 175, 'foto11312', NULL, 1, NULL),
(211, 'Картофель запеченный с кальмаром на сковороде', 1, '250', 19, 15, 17.2, 306, NULL, 165, 'foto11312', NULL, 1, NULL),
(212, 'Картофель запеченный со свининой в сливках под сыром и зеленью на сковороде', 1, '240', 27, 24.8, 26, 389, NULL, 175, 'foto11312', NULL, 1, NULL);

-- --------------------------------------------------------

--
-- Структура таблицы `user`
--

CREATE TABLE `user` (
  `id` int(11) NOT NULL,
  `username` varchar(255) COLLATE utf8_unicode_ci NOT NULL,
  `auth_key` varchar(32) COLLATE utf8_unicode_ci NOT NULL,
  `password_hash` varchar(255) COLLATE utf8_unicode_ci NOT NULL,
  `password_reset_token` varchar(255) COLLATE utf8_unicode_ci DEFAULT NULL,
  `email` varchar(255) COLLATE utf8_unicode_ci NOT NULL,
  `status` smallint(6) NOT NULL DEFAULT '10',
  `created_at` int(11) NOT NULL,
  `updated_at` int(11) NOT NULL,
  `verification_token` varchar(255) COLLATE utf8_unicode_ci DEFAULT NULL
) ENGINE=InnoDB DEFAULT CHARSET=utf8 COLLATE=utf8_unicode_ci;

--
-- Индексы сохранённых таблиц
--

--
-- Индексы таблицы `alcohol`
--
ALTER TABLE `alcohol`
  ADD PRIMARY KEY (`alcohol_id`);

--
-- Индексы таблицы `category`
--
ALTER TABLE `category`
  ADD PRIMARY KEY (`id`);

--
-- Индексы таблицы `category_alcohol`
--
ALTER TABLE `category_alcohol`
  ADD PRIMARY KEY (`category_alcohol_id`);

--
-- Индексы таблицы `migration`
--
ALTER TABLE `migration`
  ADD PRIMARY KEY (`version`);

--
-- Индексы таблицы `order`
--
ALTER TABLE `order`
  ADD PRIMARY KEY (`id`);

--
-- Индексы таблицы `order_items`
--
ALTER TABLE `order_items`
  ADD PRIMARY KEY (`id`);

--
-- Индексы таблицы `product`
--
ALTER TABLE `product`
  ADD PRIMARY KEY (`product_id`);

--
-- Индексы таблицы `user`
--
ALTER TABLE `user`
  ADD PRIMARY KEY (`id`),
  ADD UNIQUE KEY `username` (`username`),
  ADD UNIQUE KEY `email` (`email`),
  ADD UNIQUE KEY `password_reset_token` (`password_reset_token`);

--
-- AUTO_INCREMENT для сохранённых таблиц
--

--
-- AUTO_INCREMENT для таблицы `alcohol`
--
ALTER TABLE `alcohol`
  MODIFY `alcohol_id` int(11) NOT NULL AUTO_INCREMENT, AUTO_INCREMENT=68;

--
-- AUTO_INCREMENT для таблицы `category`
--
ALTER TABLE `category`
  MODIFY `id` int(11) NOT NULL AUTO_INCREMENT, AUTO_INCREMENT=12;

--
-- AUTO_INCREMENT для таблицы `category_alcohol`
--
ALTER TABLE `category_alcohol`
  MODIFY `category_alcohol_id` int(11) NOT NULL AUTO_INCREMENT, AUTO_INCREMENT=20;

--
-- AUTO_INCREMENT для таблицы `order`
--
ALTER TABLE `order`
  MODIFY `id` int(11) NOT NULL AUTO_INCREMENT, AUTO_INCREMENT=8;

--
-- AUTO_INCREMENT для таблицы `order_items`
--
ALTER TABLE `order_items`
  MODIFY `id` int(11) NOT NULL AUTO_INCREMENT, AUTO_INCREMENT=28;

--
-- AUTO_INCREMENT для таблицы `product`
--
ALTER TABLE `product`
  MODIFY `product_id` int(11) NOT NULL AUTO_INCREMENT, AUTO_INCREMENT=213;

--
-- AUTO_INCREMENT для таблицы `user`
--
ALTER TABLE `user`
  MODIFY `id` int(11) NOT NULL AUTO_INCREMENT;
COMMIT;

/*!40101 SET CHARACTER_SET_CLIENT=@OLD_CHARACTER_SET_CLIENT */;
/*!40101 SET CHARACTER_SET_RESULTS=@OLD_CHARACTER_SET_RESULTS */;
/*!40101 SET COLLATION_CONNECTION=@OLD_COLLATION_CONNECTION */;
